recency,history,mens,womens,newbie,cate_mens_email,cate_womens_email,optimal_treatment
10,142.44,1,0,0,0.002741451014710263,-6.331780722097697e-05,Mens E-Mail
6,329.08,1,1,1,0.0034183864453446334,-0.0007576209088575145,Mens E-Mail
7,180.65,0,1,1,0.005749432079765797,0.005806555455001647,Womens E-Mail
9,675.83,1,0,1,0.010478326714964212,0.0039136124320235536,Mens E-Mail
2,45.34,1,0,0,0.006386981052307899,0.005423691513925177,Mens E-Mail
6,134.83,0,1,0,0.0014222925624888972,0.0021491201076067707,Womens E-Mail
9,280.2,1,0,1,0.007777241280767756,-0.000288037719079396,Mens E-Mail
9,46.42,0,1,0,0.003059387397734306,0.005548368065702996,Womens E-Mail
9,675.07,1,1,1,0.010770873220663469,0.0014788648002844588,Mens E-Mail
10,32.84,0,1,1,0.0060024273991879495,0.008403003069704318,Womens E-Mail
7,548.91,0,1,1,0.00808066865546772,0.011125687056339,Womens E-Mail
1,211.45,0,1,1,0.003379488801302684,0.00045930335399483376,Mens E-Mail
5,642.9,0,1,1,0.008997541552956654,0.008174126817494175,Mens E-Mail
2,101.64,0,1,0,0.004154926564928492,0.0024262749506381957,Mens E-Mail
4,241.42,0,1,1,0.008515797463314174,-0.0009829022107661618,Mens E-Mail
3,58.13,1,0,1,0.006989024720087427,0.0020427565303241368,Mens E-Mail
5,29.99,1,0,0,0.0025794726306988744,-0.00045637274655219075,Mens E-Mail
9,112.35,1,0,0,0.0038992731869016877,0.0008037769648056383,Mens E-Mail
11,219.04,1,1,0,0.004009870007191682,-0.0006736667200439759,Mens E-Mail
5,828.42,1,0,1,0.018910639354463653,0.007498649968590091,Mens E-Mail
9,29.99,0,1,1,0.005332053078448599,0.003412020057965388,Mens E-Mail
11,182.32,1,0,0,0.002623497776824768,-0.005758352761686623,Mens E-Mail
2,118.4,1,0,0,0.003657938618875485,-0.000925308709457271,Mens E-Mail
2,29.99,0,1,1,0.0014050576440337741,0.008674020465466514,Womens E-Mail
4,78.24,1,0,0,0.006777495370544333,1.5716195901940642e-05,Mens E-Mail
6,139.87,0,1,1,0.003426067613821724,0.004849714684246835,Womens E-Mail
12,115.39,0,1,0,0.001801113481777286,0.007090362875501368,Womens E-Mail
6,162.98,0,1,0,0.005938502012338942,0.006273104353768213,Womens E-Mail
7,435.73,0,1,1,0.006158920605200948,0.0021542239023944806,Mens E-Mail
2,203.35,1,0,0,0.006937729941990488,0.0011024221204101417,Mens E-Mail
2,237.53,0,1,0,0.010116006305396198,-0.005167206786527732,Mens E-Mail
9,334.24,1,0,0,0.01084064426370541,-0.0007026803388602565,Mens E-Mail
6,128.01,0,1,0,0.0021083808285693364,0.0030804463294811673,Womens E-Mail
9,29.99,1,0,1,0.006899637098691237,0.0013489458645072623,Mens E-Mail
3,29.99,1,0,0,0.006521423017307961,0.004050454435831084,Mens E-Mail
4,218.72,0,1,0,0.003682857644852781,-0.0030089593797290926,Mens E-Mail
1,514.52,0,1,1,-0.004594220114795643,0.011025154496413328,Womens E-Mail
4,766.47,1,1,1,0.017996537633082302,0.010791150994326603,Mens E-Mail
10,63.79,1,0,1,0.007110869962147179,0.0020340913650507067,Mens E-Mail
7,520.43,0,1,1,0.006333203339811912,0.001621491552524792,Mens E-Mail
11,236.97,1,1,1,0.008710956103451956,0.004372290573491581,Mens E-Mail
3,99.23,1,0,0,0.012333027397915296,-0.00029922979868668914,Mens E-Mail
9,204.18,0,1,0,0.008445397308625988,0.009582952927719874,Womens E-Mail
2,492.02,1,0,0,0.004925609056157889,-0.0027296086604287513,Mens E-Mail
1,48.32,0,1,0,0.004238158516299327,0.010115671866945881,Womens E-Mail
10,29.99,1,0,0,0.0026358256849836757,-0.0009963689298787598,Mens E-Mail
2,391.33,1,0,0,0.00690042031812622,-0.010117230909347123,Mens E-Mail
1,729.7,1,1,1,0.011269431276141483,0.012103897747230061,Womens E-Mail
3,134.59,1,0,1,0.003531828665730506,0.0016794816993619451,Mens E-Mail
10,61.09,0,1,0,0.009236167439508199,0.006629915491662885,Mens E-Mail
3,203.3,0,1,0,0.0037007842445558182,0.005370448823694665,Womens E-Mail
9,185.43,1,0,0,0.0064785057034634184,0.002275816542172837,Mens E-Mail
7,29.99,0,1,1,0.0032754438066760205,0.0045821694452900874,Womens E-Mail
9,78.62,1,0,0,0.005674747925872739,0.0006256684820184113,Mens E-Mail
12,150.06,0,1,0,0.0034476310965071933,0.005530087614473772,Womens E-Mail
6,42.66,1,0,0,0.005663626927223201,0.0012666611333297599,Mens E-Mail
12,69.08,0,1,0,0.002143785468268464,0.006435589696125907,Womens E-Mail
3,549.29,1,0,1,0.0061109929023679165,0.013400824481386594,Womens E-Mail
9,506.83,1,0,1,0.006837371276975267,0.010401846456950244,Womens E-Mail
3,143.93,0,1,0,0.001825834645736706,2.3120574146601385e-05,Mens E-Mail
10,115.4,1,0,0,0.002532158158705016,0.00035498950302242254,Mens E-Mail
2,96.91,1,0,0,0.001866898825221529,-0.0003606978159110019,Mens E-Mail
6,40.07,1,0,1,0.005764066978852126,0.0017678132012893092,Mens E-Mail
11,417.21,0,1,0,0.009233510065301636,0.0047409776789803584,Mens E-Mail
9,61.57,1,0,1,0.00565984641613023,0.00140272131074295,Mens E-Mail
5,222.07,0,1,0,0.0023919268141079394,-0.0033350271274597337,Mens E-Mail
1,259.91,0,1,1,0.008090661485143192,-0.001808350867418169,Mens E-Mail
11,53.81,1,0,1,0.004656384381308278,0.0031398674240955137,Mens E-Mail
9,154.15,0,1,0,0.0066386889137853575,0.008712721802755341,Womens E-Mail
10,1009.44,1,0,1,0.008447746052899021,0.019849416777643084,Womens E-Mail
2,278.8,1,0,0,-0.004918948997570637,-0.010898619679689725,No E-Mail
10,31.12,1,0,0,0.004050195813286433,0.0006157264309644442,Mens E-Mail
2,428.74,1,0,0,0.0012107435795084345,-0.009979309554247164,Mens E-Mail
7,612.28,1,0,1,0.011881175541917926,0.0024479202362679875,Mens E-Mail
11,228.09,0,1,1,0.009320379398903926,0.0050247619321269876,Mens E-Mail
1,640.58,0,1,1,0.00783874129160575,0.019571601586936646,Womens E-Mail
4,194.11,1,0,0,0.005399294454852455,0.0008754769723737579,Mens E-Mail
7,84.49,0,1,1,0.003633767162766368,0.003682120559427677,Womens E-Mail
7,235.14,0,1,1,0.008629364094247288,0.0017374805194496313,Mens E-Mail
2,29.99,0,1,0,0.0005228370539263398,0.005912415619260642,Womens E-Mail
7,272.32,1,0,1,0.007236504200208392,-0.0017385342554134874,Mens E-Mail
2,95.33,0,1,0,0.0024674558193018264,0.00271751836549443,Womens E-Mail
5,494.26,1,1,1,0.011873863488197493,0.0001680652227315716,Mens E-Mail
2,809.07,1,0,1,0.021955356494713883,0.0033382447057130954,Mens E-Mail
1,80.42,0,1,1,0.0027690045670277744,0.008468744574705665,Womens E-Mail
10,237.85,1,0,0,0.011642263700566077,0.0001055034716158293,Mens E-Mail
2,82.59,1,0,0,0.0032847345165850582,0.0007334244362057058,Mens E-Mail
6,165.77,0,1,0,0.005958965741770253,0.006405418104492779,Womens E-Mail
3,101.61,0,1,1,0.002667848449263247,0.001040783379638138,Mens E-Mail
8,52.64,0,1,1,0.004240952654885313,0.003957371802224569,Mens E-Mail
6,466.29,1,0,1,0.005041175562138096,0.0022860361914307297,Mens E-Mail
3,100.85,1,0,1,0.006106245794041677,0.0023210093999507615,Mens E-Mail
3,1397.57,1,0,1,0.01660497650172259,0.02370256864249487,Womens E-Mail
2,770.58,0,1,1,0.025512457845941257,0.0037455320658463546,Mens E-Mail
3,1973.87,1,0,1,-0.021982126844625135,-0.01526812802736792,No E-Mail
3,133.51,1,0,0,0.0048131422106879405,-0.0011415394978036204,Mens E-Mail
8,31.52,0,1,0,0.004767498119495873,0.004552140023627894,Mens E-Mail
1,47.44,0,1,0,0.00323233554708647,0.0077574219795183775,Womens E-Mail
1,106.27,0,1,0,0.003603448712196382,0.003560991339604919,Mens E-Mail
11,215.46,0,1,0,0.006009913754703991,0.0015000863864967715,Mens E-Mail
11,189.25,0,1,1,0.004703334366967652,0.011046119137813,Womens E-Mail
10,108.12,1,0,0,0.0064130585973399155,0.0007921325516218735,Mens E-Mail
8,66.14,1,0,1,0.00560349336184543,0.0011538657146530637,Mens E-Mail
8,98.56,1,0,1,0.006579808535947012,0.0016007395045796134,Mens E-Mail
6,129.14,1,0,0,0.004728749145831856,0.00012029034362177848,Mens E-Mail
2,493.17,0,1,0,0.016744252976780147,0.0004472611622606924,Mens E-Mail
11,146.04,0,1,1,0.0033808649403916083,0.006647763637515669,Womens E-Mail
12,29.99,0,1,1,0.0038150930621904185,0.013838504669601251,Womens E-Mail
2,66.6,1,0,1,0.005380252239045792,0.004219360990330624,Mens E-Mail
12,129.73,1,0,0,0.009642091300529025,-0.005740241245611781,Mens E-Mail
4,54.41,0,1,1,0.0017967023291479084,0.0053290378091961745,Womens E-Mail
9,1172.42,1,1,1,0.0164468073604094,0.013054348843464304,Mens E-Mail
5,244.34,0,1,1,0.007086708926330879,0.0012329541241554917,Mens E-Mail
2,287.04,1,1,1,0.0012012940068982004,0.0027535654509431126,Womens E-Mail
4,29.99,0,1,1,0.0011537531971605535,0.006879686788313939,Womens E-Mail
9,151.01,1,0,0,0.006583515220972065,0.0011781204472337491,Mens E-Mail
11,35.43,1,0,1,0.005831085122510648,0.00426461614103345,Mens E-Mail
5,84.17,1,0,1,0.006620292300936529,0.0022222353647491236,Mens E-Mail
3,313.6,0,1,0,0.008005665247972893,-0.005636341865769464,Mens E-Mail
1,117.27,0,1,0,0.00785576609813773,0.003206144860680436,Mens E-Mail
5,29.99,0,1,0,0.0005289238678255327,0.003636048674945593,Womens E-Mail
3,1167.93,1,1,1,0.032629154113595994,0.012631039103169617,Mens E-Mail
3,683.2,1,1,1,0.007830506382572405,0.009819221203741547,Womens E-Mail
1,110.07,0,1,0,0.0025536207603690376,0.0020630956345091037,Mens E-Mail
1,102.94,1,0,0,0.0075924436793597975,-0.0006635194700610493,Mens E-Mail
2,29.99,0,1,0,0.0025761088323521383,0.01024391439419637,Womens E-Mail
11,160.04,1,0,0,0.005378942041088349,-0.010013370620717473,Mens E-Mail
1,418.68,0,1,0,0.008609244989935122,-0.005117338570221542,Mens E-Mail
11,316.23,1,0,1,0.009454141744486243,0.001721374352277725,Mens E-Mail
12,253.06,0,1,0,0.014731448151769173,0.0026705451002248235,Mens E-Mail
9,329.96,0,1,1,0.010473968847732574,0.001505547619908712,Mens E-Mail
7,185.73,1,0,0,0.00474910468137999,0.0011804707334560334,Mens E-Mail
11,52.08,0,1,0,0.004390037223027598,0.009566640961175965,Womens E-Mail
1,616.73,0,1,1,-0.02261764414002707,0.02398227814760522,Womens E-Mail
9,123.39,1,0,0,0.002532158158705016,0.00039922832903497755,Mens E-Mail
3,249.71,1,0,0,0.008473695854416888,-0.010705508009336668,Mens E-Mail
2,46.09,0,1,0,0.0036977350875568252,0.009904154263668691,Womens E-Mail
8,48.87,1,0,1,0.00698132422835424,0.002316514098034173,Mens E-Mail
10,77.37,1,0,0,0.0035356369746136125,-0.0003058996088011836,Mens E-Mail
4,270.24,1,0,1,0.003883590670038474,-8.798420026399034e-06,Mens E-Mail
9,228.8,1,0,0,0.010618213655743638,0.004375218713289329,Mens E-Mail
3,80.18,0,1,0,0.0035034742807190933,0.0024166738353554196,Mens E-Mail
11,131.76,0,1,1,0.007089872194830489,0.010957663374234216,Womens E-Mail
9,162.59,0,1,0,0.005627977969494734,0.00735388656382015,Womens E-Mail
12,87.62,1,0,1,0.004161162022785549,-3.1823807403052596e-05,Mens E-Mail
3,29.99,1,0,0,0.0032992460400521305,-0.00040699351904306945,Mens E-Mail
3,29.99,0,1,0,0.0025761088323521383,0.006175353299043881,Womens E-Mail
7,59.96,1,0,1,0.007129358646144158,0.0031908812206013,Mens E-Mail
7,78.49,0,1,0,0.00671618134906308,0.004649870048320139,Mens E-Mail
2,29.99,0,1,0,0.0005228370539263398,0.005912415619260642,Womens E-Mail
7,206.8,1,0,0,0.004611752261829364,0.0011722952612441666,Mens E-Mail
7,229.53,1,0,0,0.0077044648933363175,-0.003329697967823177,Mens E-Mail
1,439.93,1,1,1,0.0034346771434757514,-0.0011889491309422765,Mens E-Mail
10,313.67,1,0,1,0.007568512885791241,0.0008558032619085895,Mens E-Mail
7,29.99,1,0,1,0.006689102409212517,0.0018976467612521273,Mens E-Mail
3,57.33,0,1,0,0.0032581615434486722,-0.0016418872844903946,Mens E-Mail
2,289.55,0,1,0,0.011420406685059238,-0.003676140338633062,Mens E-Mail
5,29.99,0,1,1,0.001158823896363711,0.002628936557043672,Womens E-Mail
9,274.29,1,0,0,0.008229200113736113,-0.0009244395571618734,Mens E-Mail
1,293.37,1,0,0,0.007005334947365732,-0.005937036356508633,Mens E-Mail
12,29.99,1,0,1,0.00800324819837527,0.004806554107376008,Mens E-Mail
1,407.09,1,0,0,0.005242486362476618,-0.010637760246460992,Mens E-Mail
1,142.4,0,1,0,0.0011123552108455426,0.002488078914085789,Womens E-Mail
1,29.99,0,1,1,0.0014720136429980128,0.012076900911494123,Womens E-Mail
12,284.54,1,1,0,0.014896781432615804,0.004580314213900447,Mens E-Mail
2,60.2,0,1,1,0.0026829019583319335,0.010392237444659547,Womens E-Mail
4,1089.77,1,0,1,-0.0077988325084565055,0.004031009970693188,Womens E-Mail
7,29.99,1,0,1,0.006689102409212517,0.0018976467612521273,Mens E-Mail
1,747.31,0,1,1,0.01910639794622512,0.01063950845602353,Mens E-Mail
6,136.63,1,0,1,0.004776219021455072,0.002493574371063087,Mens E-Mail
10,29.99,1,0,1,0.008207844271017561,0.0022786088102996448,Mens E-Mail
11,54.11,1,0,1,0.007267911419069554,0.0038583011423579993,Mens E-Mail
1,790.36,1,1,1,0.029593322354568106,0.018104647332676794,Mens E-Mail
4,36.49,1,0,1,0.010505724139159955,0.0073652675350849494,Mens E-Mail
12,271.89,1,0,0,0.007156428289994191,0.0008468672939450659,Mens E-Mail
5,399.46,1,0,0,0.008860865987912674,-0.004555595564851706,Mens E-Mail
3,39.83,0,1,1,0.002044574799015539,0.004755625522602035,Womens E-Mail
10,153.58,1,0,0,0.0046722233720879755,0.0014042909849991186,Mens E-Mail
5,269.99,1,1,0,0.0062398440885794845,-0.000983228087752333,Mens E-Mail
2,29.99,1,0,1,0.005920167942647291,0.009671791789058729,Womens E-Mail
4,292.61,1,0,0,0.00926050310883303,0.001265794737987862,Mens E-Mail
2,576.02,0,1,1,0.007981278623631887,0.021703961825975594,Womens E-Mail
6,29.99,1,0,0,0.004218719144992667,-0.0002243901778968346,Mens E-Mail
9,116.3,1,0,1,0.005155458368090907,0.003280795522802616,Mens E-Mail
5,29.99,1,0,0,0.004218719144992667,0.00044842536404983565,Mens E-Mail
3,29.99,0,1,1,0.0011537531971605535,0.006682852519851358,Womens E-Mail
7,968.65,1,1,1,0.013630520810658138,0.020721945055866612,Womens E-Mail
7,39.78,0,1,0,0.0045257075673521005,0.004407787106672967,Mens E-Mail
9,311.81,1,0,0,0.012118077875469707,0.006182947484051161,Mens E-Mail
1,720.17,1,1,1,0.011032395278735058,0.003942690524748958,Mens E-Mail
4,69.08,0,1,0,0.00281800188437762,0.0027628694851244604,Mens E-Mail
12,80.56,1,0,0,0.00918426861821874,-0.006429755901993993,Mens E-Mail
1,301.19,1,0,1,0.006628927599210256,-0.003179936191843333,Mens E-Mail
10,307.64,0,1,0,0.012362766361932702,0.009552616092625544,Mens E-Mail
7,481.56,1,0,0,0.007312528673048078,-0.005171652652335887,Mens E-Mail
10,29.99,0,1,0,0.00864675060555119,0.005208232727441383,Mens E-Mail
1,895.43,0,1,1,0.025068120427019627,0.009185036251636114,Mens E-Mail
5,425.1,1,0,1,0.005989527809025986,-0.0017183871933394324,Mens E-Mail
10,36.28,1,0,1,0.008330037763393435,0.004870478143232797,Mens E-Mail
4,413.46,0,1,0,0.00986609764531825,-0.0029494664440136553,Mens E-Mail
7,32.42,1,0,0,0.004172976310792693,0.0008050592992563657,Mens E-Mail
10,170.32,1,0,1,0.006231088294853017,0.004115810384571365,Mens E-Mail
1,150.93,1,0,0,0.005223025229484903,0.0015404253228017734,Mens E-Mail
11,223.39,1,0,1,0.00329809775768582,-0.0006187226615330021,Mens E-Mail
1,506.51,1,0,1,0.003280090961775526,0.008271285791167008,Womens E-Mail
8,575.62,1,1,1,0.011450977323233674,0.008176396541115436,Mens E-Mail
3,29.99,0,1,0,0.0014084565945222693,0.0039051602730873483,Womens E-Mail
2,145.76,0,1,1,0.002753268509628573,0.0035506474820719332,Womens E-Mail
1,29.99,1,0,1,0.038387949689451806,0.0075480189531668025,Mens E-Mail
8,428.0,1,0,1,0.010514921795930115,0.004325935555652083,Mens E-Mail
6,604.39,1,1,1,0.01025951089248612,0.006795082828086519,Mens E-Mail
8,171.88,1,0,0,0.007158662940581088,0.0011961465251528987,Mens E-Mail
4,370.86,0,1,0,0.008666299863578643,-0.003669298486485143,Mens E-Mail
8,138.62,0,1,1,0.0023885523267958538,0.0037362650119400396,Womens E-Mail
7,29.99,1,0,1,0.006689102409212517,0.0018976467612521273,Mens E-Mail
1,209.98,1,0,0,0.0056047642020773634,0.009338272585934386,Womens E-Mail
3,166.0,0,1,0,0.006637481593059439,0.004112698562660717,Mens E-Mail
10,88.37,0,1,0,0.002140106055598383,0.006967878625820063,Womens E-Mail
8,336.76,0,1,0,0.012223748163166395,0.0001627288592109799,Mens E-Mail
1,60.71,0,1,1,0.008898930954813897,0.01659226594855701,Womens E-Mail
4,356.73,0,1,0,0.012646183917907939,-0.0047403816445912884,Mens E-Mail
4,52.12,1,0,0,0.00427131049470429,0.003968850694374509,Mens E-Mail
7,406.7,0,1,1,0.009982520159291724,-0.0003368718743788964,Mens E-Mail
6,277.81,1,0,1,0.006574949811052143,0.002738874756196313,Mens E-Mail
1,181.98,0,1,1,0.004256769124674677,0.006876388524757179,Womens E-Mail
2,112.13,1,0,1,0.004408420932140987,0.001769090674634811,Mens E-Mail
5,29.99,0,1,1,0.002851826536402388,0.006924444528206503,Womens E-Mail
5,439.26,1,0,0,0.0072918929710803155,0.0001848417208131758,Mens E-Mail
8,64.16,0,1,0,0.004632495310581234,0.003581942382205614,Mens E-Mail
5,29.99,0,1,0,0.0005289238678255327,0.003636048674945593,Womens E-Mail
6,29.99,0,1,1,0.001039799325860172,0.005047639010599895,Womens E-Mail
2,591.95,0,1,1,0.007372807375797931,0.02075488926961747,Womens E-Mail
8,130.31,1,0,1,0.003918975923371628,0.0012584398623729015,Mens E-Mail
3,65.26,1,0,0,0.0062416383001158825,-0.00022604090370786876,Mens E-Mail
10,132.46,1,0,0,0.002532158158705016,0.00035498950302242254,Mens E-Mail
4,225.89,1,1,1,0.0059745478389093415,-0.0014661795580943131,Mens E-Mail
2,115.56,0,1,1,0.001966156481900188,0.0024000783397499065,Womens E-Mail
8,104.94,0,1,0,0.003335479878654237,0.002606496661404807,Mens E-Mail
7,69.44,1,0,0,0.005823489769310136,0.000272817844419324,Mens E-Mail
10,47.47,0,1,0,0.0040669507752866705,0.0055463166814291075,Womens E-Mail
1,215.08,0,1,0,0.0035230819239387393,-0.03213411457643251,Mens E-Mail
2,224.89,1,1,0,0.009479442081411913,-0.005111292538447053,Mens E-Mail
9,201.75,1,1,0,0.008662936163713242,0.006001545931859636,Mens E-Mail
5,354.03,1,0,0,0.013311435135535286,-0.004102137928372205,Mens E-Mail
10,151.43,1,0,0,0.005225572503409198,0.0013844540066973226,Mens E-Mail
11,120.14,1,0,0,0.004283331412120039,-0.006301526667357845,Mens E-Mail
5,159.41,0,1,1,0.0034134838209332647,0.004605015178006954,Womens E-Mail
5,290.86,1,0,1,0.009630756266299924,0.001399910904143212,Mens E-Mail
4,87.2,0,1,1,0.0012542411464857499,0.0018143434591967316,Womens E-Mail
11,81.06,1,0,0,0.005613610732230927,-0.006587552333273163,Mens E-Mail
10,55.11,1,0,1,0.0074032094920587,0.004740716783396227,Mens E-Mail
1,513.83,0,1,1,0.006088454149381564,0.010240203438410386,Womens E-Mail
4,770.38,0,1,1,0.026317449644730803,0.007703986878640234,Mens E-Mail
1,33.5,1,0,0,0.00751209301885637,0.005551201888098727,Mens E-Mail
2,56.25,1,0,1,0.005012010229229298,0.0034373486113291707,Mens E-Mail
2,1093.92,1,1,1,0.017899524637096,0.004188285063073434,Mens E-Mail
1,752.8,1,1,1,0.018219508859377606,0.004831808280190948,Mens E-Mail
2,199.95,1,0,1,0.005492068851352895,0.0019964965190180386,Mens E-Mail
9,239.91,0,1,0,0.011434120602767535,0.0035396370435795835,Mens E-Mail
8,43.16,0,1,1,0.002867306711020213,0.004532893093450535,Womens E-Mail
2,418.81,0,1,0,0.009733001000754877,-0.003156172152077427,Mens E-Mail
9,318.52,0,1,0,0.010808168336833351,0.0044777398940666355,Mens E-Mail
1,109.26,0,1,1,0.010901006617128168,0.004180822087313245,Mens E-Mail
3,67.4,1,0,0,0.005706131113021276,-0.00028934594517097994,Mens E-Mail
9,135.02,1,0,1,0.006331388257604158,0.0021416170750672976,Mens E-Mail
10,54.25,0,1,0,0.009236167439508199,0.007228641937728352,Mens E-Mail
3,55.34,1,0,1,0.005153364994461748,0.0024493543550719466,Mens E-Mail
4,297.8,1,1,0,0.01168922131392146,0.008155007612931786,Mens E-Mail
4,146.49,0,1,0,0.0027687534170798378,0.0019894356520641183,Mens E-Mail
7,329.26,0,1,0,0.01046137098364451,0.0012777979481030542,Mens E-Mail
1,29.99,1,0,1,0.038387949689451806,0.0075480189531668025,Mens E-Mail
4,249.61,0,1,1,0.0071845832211556975,0.0004146514405116947,Mens E-Mail
5,39.52,1,0,1,0.005652250831913756,0.0025535733134971167,Mens E-Mail
1,307.58,1,0,0,0.006365673655636193,-0.004652693013606138,Mens E-Mail
6,92.32,0,1,0,0.001220981754155584,0.0022663843795675026,Womens E-Mail
6,464.17,0,1,0,0.008361827977687765,0.0034555247676067973,Mens E-Mail
6,29.99,1,0,1,0.00615718986278153,0.0018976467612521273,Mens E-Mail
2,435.33,0,1,0,0.008018185092712073,-0.005512275314991116,Mens E-Mail
10,375.9,0,1,0,0.009254258598260177,0.004635807381063754,Mens E-Mail
9,29.99,1,0,0,0.0037615351141082067,0.000960521111155622,Mens E-Mail
9,220.51,1,0,0,0.007615862122028674,0.003204379600593394,Mens E-Mail
5,180.28,0,1,0,0.0036404229223051684,0.004979957606024839,Womens E-Mail
6,78.69,0,1,0,0.00204566580429476,0.002473241311843962,Womens E-Mail
2,350.48,1,0,1,0.00978264504890622,-0.0022599630200132214,Mens E-Mail
3,376.14,1,0,0,0.006312282047440875,-0.009741822654764913,Mens E-Mail
1,179.63,1,0,0,0.005802564348573073,0.0015527268808008757,Mens E-Mail
6,164.51,1,0,0,0.0063555100610122135,0.000719761098111792,Mens E-Mail
8,59.76,0,1,1,0.0039339462921678696,0.004556067020612809,Womens E-Mail
11,29.99,0,1,0,0.00966027512283075,0.0053293497353653135,Mens E-Mail
2,407.64,0,1,1,0.007976741442303856,-0.0012688629947935962,Mens E-Mail
1,143.0,0,1,0,0.0017468616519923882,0.0018329025793538706,Womens E-Mail
4,320.17,0,1,1,0.007551471681257368,8.264461962629476e-05,Mens E-Mail
1,103.07,1,0,0,0.006454137278124934,0.000624569618886514,Mens E-Mail
10,35.84,1,0,1,0.007102103162906397,0.004365749585089101,Mens E-Mail
3,190.66,0,1,1,0.003168688488278443,0.004733150334420363,Womens E-Mail
2,90.91,1,0,0,0.004485068170442578,-9.903781630798878e-06,Mens E-Mail
5,215.03,0,1,1,0.0034222022437463027,-0.003937380326505955,Mens E-Mail
1,856.4,0,1,1,0.026741150315138323,0.011169871687594533,Mens E-Mail
10,139.83,1,0,1,0.003903004931020476,0.0028466947206207535,Mens E-Mail
10,245.09,1,0,0,0.012686352444779898,0.005866502669129268,Mens E-Mail
6,127.2,0,1,0,0.0014222925624888972,0.0021491201076067707,Womens E-Mail
1,470.65,1,0,0,-0.0012398633344469254,-0.015482602636401289,No E-Mail
1,59.13,1,0,1,0.008339855277433146,0.007596705527842828,Mens E-Mail
3,327.1,1,0,1,0.00658228189116834,-0.005303407067470919,Mens E-Mail
1,399.72,1,1,0,0.011063747811043254,-0.005315874053716475,Mens E-Mail
3,29.99,1,0,0,0.004786913710761537,0.0035367330377629592,Mens E-Mail
6,398.03,1,1,0,0.011782516719154597,-0.0011482682911813887,Mens E-Mail
4,134.24,0,1,0,0.0030225300604448772,0.002158194619974811,Mens E-Mail
10,290.55,0,1,0,0.012089220763606415,0.004774526614366178,Mens E-Mail
7,29.99,1,0,0,0.004218719144992667,-0.0002243901778968346,Mens E-Mail
4,87.69,1,0,0,0.0064528846200143835,-0.00017426035549179638,Mens E-Mail
10,335.77,0,1,0,0.01307253797061599,0.012463169466103676,Mens E-Mail
12,465.37,0,1,1,0.007274456273523344,0.0679598504985698,Womens E-Mail
12,75.26,1,0,1,0.004854782501284599,1.1620056932060202e-05,Mens E-Mail
10,327.18,0,1,0,0.010839520879751438,0.0038374772160509815,Mens E-Mail
1,188.89,0,1,1,0.003169062204829791,0.009156999300651331,Womens E-Mail
4,49.8,1,0,1,0.007236237574303955,0.007401399143584224,Womens E-Mail
7,688.51,1,1,1,0.009181137777594469,0.004621725382838057,Mens E-Mail
3,229.42,0,1,0,0.006043739125985367,-0.008789715797454072,Mens E-Mail
1,253.18,0,1,0,0.010955269650926422,-0.0022901560811488444,Mens E-Mail
2,156.4,0,1,0,0.00294664255937665,0.005038721408776087,Womens E-Mail
2,196.93,0,1,1,0.005434193455514115,0.005105564173202372,Mens E-Mail
4,557.47,1,0,1,0.005179475496531953,0.016412178255485785,Womens E-Mail
12,177.66,1,0,0,0.0006836282528449559,-0.005948876629473724,Mens E-Mail
9,29.99,0,1,0,0.002598749380675982,0.0028184769859716844,Womens E-Mail
11,140.07,0,1,1,0.0032054307019890008,0.011658943096045357,Womens E-Mail
10,168.04,1,0,0,0.008316051945829484,0.002325369150581758,Mens E-Mail
5,173.65,1,0,0,0.008724575352757915,0.001534896295141084,Mens E-Mail
4,164.7,1,0,0,0.006391871300123457,0.0007932637402672055,Mens E-Mail
2,57.53,1,0,1,0.005380252239045792,0.001068160408446186,Mens E-Mail
10,29.99,1,0,0,0.0027878669629616583,0.0006838647946584921,Mens E-Mail
3,188.19,1,0,0,0.004686212452422121,-0.0004313517543835923,Mens E-Mail
10,29.99,0,1,0,0.00864675060555119,0.005208232727441383,Mens E-Mail
1,35.23,1,0,1,0.009584036455975177,0.008514917338132233,Mens E-Mail
4,63.22,1,0,0,0.005887143643902593,-6.69399222172162e-05,Mens E-Mail
4,550.59,1,0,1,0.006107317059468679,0.011877951313804027,Womens E-Mail
6,232.94,1,0,1,0.00630935378218843,0.0014650533588918772,Mens E-Mail
11,91.23,1,0,0,0.005196055624383448,-0.006587552333273163,Mens E-Mail
2,571.53,1,0,1,0.004964560848874126,0.013031133721570838,Womens E-Mail
1,169.31,0,1,1,0.005682948762517198,0.007116011811746115,Womens E-Mail
10,205.88,1,0,0,0.005200416925879608,0.002111676234009409,Mens E-Mail
1,1281.48,1,0,1,-0.06493794560720707,-0.016597683008064423,No E-Mail
3,29.99,1,0,0,0.006607469307410864,0.00480379562247814,Mens E-Mail
3,542.16,1,0,1,0.00504822921522672,0.013000541332457434,Womens E-Mail
7,424.6,0,1,1,0.009982520159291724,-0.0003368718743788964,Mens E-Mail
6,507.25,0,1,1,0.006227775155802516,-0.018054166862790606,Mens E-Mail
10,29.99,1,0,0,0.0014426840300679063,-0.0034004922052176894,Mens E-Mail
2,373.14,0,1,0,0.008966519349855123,0.0012561850816993618,Mens E-Mail
7,60.02,1,0,1,0.00560349336184543,0.0014550358567096294,Mens E-Mail
1,68.5,0,1,0,0.003595158354014526,0.007519318824169997,Womens E-Mail
11,37.45,0,1,0,0.008618439488047401,0.007841223509608143,Mens E-Mail
2,38.34,1,0,0,0.006386981052307899,0.005913137195561376,Mens E-Mail
5,545.73,1,0,1,0.008826455799813617,0.006577974164483295,Mens E-Mail
4,70.39,0,1,1,0.0029799309695535555,0.0030727273710614363,Womens E-Mail
6,98.8,0,1,1,0.0039148359459510035,0.004048710849364616,Womens E-Mail
9,29.99,1,0,0,0.0037615351141082067,0.000960521111155622,Mens E-Mail
5,556.5,0,1,1,0.003564634363626979,0.007485935107174451,Womens E-Mail
4,29.99,1,0,0,0.004177435948028598,0.0036426951519164135,Mens E-Mail
6,136.26,0,1,1,0.0035693129935933767,0.004849714684246835,Womens E-Mail
2,936.63,1,0,1,-0.09247917621005751,-0.039441252256740576,No E-Mail
9,172.14,0,1,0,0.007510802232817665,0.007599598036805074,Womens E-Mail
2,203.52,1,1,1,0.00733978024785349,0.010752589040348424,Womens E-Mail
1,422.81,0,1,0,0.009062210915635827,-0.003507918385269515,Mens E-Mail
10,320.11,0,1,0,0.01016609005168061,0.0036892701660160847,Mens E-Mail
12,29.99,0,1,0,0.0053704287660789945,0.001600140051894439,Mens E-Mail
8,267.25,0,1,0,0.009118282669180156,0.0008962960863882252,Mens E-Mail
11,164.9,0,1,0,0.0067125469468309485,0.008895190246771002,Womens E-Mail
11,265.39,0,1,0,0.011124481205654452,0.014464335575348663,Womens E-Mail
9,744.22,1,0,1,0.01538609153630256,0.006726877542935694,Mens E-Mail
3,99.25,1,0,1,0.005738003784225182,0.0007376608608784149,Mens E-Mail
5,62.49,1,0,0,0.005823489769310136,0.000859279878239408,Mens E-Mail
4,72.66,0,1,1,0.002475999186013861,0.0021855467787922247,Mens E-Mail
10,333.65,0,1,0,0.012696684417577325,0.0031444305266752457,Mens E-Mail
7,340.18,0,1,0,0.011810881346774426,0.0012720565775274492,Mens E-Mail
4,300.58,0,1,1,0.007205403058463619,-0.0021222780075503484,Mens E-Mail
10,62.63,0,1,1,0.0037947302203939115,0.0045572507783936626,Womens E-Mail
10,357.28,0,1,0,0.0150229177047036,0.002449794388783742,Mens E-Mail
5,283.55,1,0,1,0.0036512371079071315,-0.0003574263304266766,Mens E-Mail
9,48.93,1,0,1,0.007323133539337738,0.004573286297635548,Mens E-Mail
9,54.34,1,0,0,0.0034227761257954255,0.0008270992468033387,Mens E-Mail
5,247.82,1,0,0,0.009439129719400146,-0.0026929507383867263,Mens E-Mail
11,178.56,1,0,0,0.0013161434751136898,-0.005778238495019707,Mens E-Mail
2,86.38,1,0,1,0.006380105984055202,0.0028768348132200685,Mens E-Mail
7,233.4,1,1,0,0.008821390446898567,0.003787687479568885,Mens E-Mail
2,189.67,1,0,1,0.010134448364741217,0.002621672875571533,Mens E-Mail
1,1524.15,1,0,1,0.0007161013693114339,0.044518926791023705,Womens E-Mail
5,544.43,0,1,1,0.002635051029898674,0.012926889182590707,Womens E-Mail
8,60.69,1,0,1,0.005661940930334973,0.0029010579531501867,Mens E-Mail
10,57.71,0,1,0,0.009236167439508199,0.003182099520965107,Mens E-Mail
4,410.86,0,1,0,0.009625716108201584,-0.002452180692844849,Mens E-Mail
6,40.24,1,0,1,0.005764066978852126,0.0017678132012893092,Mens E-Mail
9,535.17,0,1,1,0.007737088777212708,0.0011283270783848341,Mens E-Mail
3,584.63,1,1,1,0.009855329392016152,0.01496584230161476,Womens E-Mail
1,29.99,1,0,1,0.008679325731873392,0.007325925971588263,Mens E-Mail
3,1570.59,1,1,1,0.02423474656122306,0.010129458052548786,Mens E-Mail
5,119.47,1,0,0,0.0026850979604254605,-0.00040712166991738516,Mens E-Mail
7,68.86,0,1,0,0.0033319894965457516,0.002473241311843962,Mens E-Mail
3,68.81,0,1,0,0.00281800188437762,0.0024578073440515396,Mens E-Mail
9,165.62,0,1,0,0.00622446037383628,0.008741693003322438,Womens E-Mail
1,686.08,1,1,1,0.00921469452238198,0.016880907328219293,Womens E-Mail
3,263.07,0,1,0,-0.0006443590246141028,-0.006362380769705025,No E-Mail
5,568.26,0,1,1,0.00856621855978215,0.007489400888391499,Mens E-Mail
7,145.89,0,1,0,0.0026047358690559903,0.003345556207265252,Womens E-Mail
2,190.4,0,1,1,0.004437181182060664,0.0053857738409531985,Womens E-Mail
5,964.59,0,1,1,0.020490547465643418,0.012610679823543245,Mens E-Mail
10,158.55,0,1,0,0.005180307984845478,0.008041743487853097,Womens E-Mail
7,578.35,0,1,1,0.010004839061370303,0.008085526648303117,Mens E-Mail
7,93.33,1,0,0,0.005310753054468917,-0.00026946985284920867,Mens E-Mail
9,157.76,1,0,0,0.003904874954206672,0.0013103783486849005,Mens E-Mail
2,762.0,1,0,1,0.008204222812233763,0.012088220566409794,Womens E-Mail
5,29.99,1,0,0,0.0025794726306988744,-0.00045637274655219075,Mens E-Mail
2,235.19,1,0,1,0.010833278106639296,-0.0018836981845232264,Mens E-Mail
5,42.3,0,1,0,0.0018492879978878965,0.004381644041362957,Womens E-Mail
4,474.94,0,1,1,0.0009236892044332931,-0.005798976753948798,Mens E-Mail
7,291.88,1,0,0,0.01070932812915921,0.006553171408156645,Mens E-Mail
3,80.51,1,0,1,0.006433029210291552,0.0011915702322621649,Mens E-Mail
2,224.69,1,1,0,0.009339841588272568,-0.005884165191048379,Mens E-Mail
6,32.17,1,0,1,0.006413090883369289,0.005077736859812341,Mens E-Mail
4,553.42,1,0,1,0.001281444662024676,0.013145742246231372,Womens E-Mail
1,219.3,0,1,0,0.00165892314161371,-0.006108712651335156,Mens E-Mail
1,200.26,1,0,0,0.008293840736643281,0.026741508586117884,Womens E-Mail
8,1137.96,0,1,1,0.024707986371046996,0.024203726943132678,Mens E-Mail
8,29.99,0,1,1,0.0041957323902999215,0.0045821694452900874,Womens E-Mail
9,51.53,1,0,1,0.0057298472528332905,0.0018348678672859737,Mens E-Mail
3,177.36,0,1,1,0.00310151751778204,0.004673373526374509,Womens E-Mail
9,34.75,1,0,1,0.008255876884046099,0.006837309529444496,Mens E-Mail
8,402.84,1,0,0,0.009338291232602863,-0.003990565672447482,Mens E-Mail
1,276.21,1,0,0,0.0029356789181555006,-0.010050080303888065,Mens E-Mail
1,960.02,1,1,1,0.022795618425399705,0.014504663279745521,Mens E-Mail
1,100.92,0,1,1,0.004295599653853596,0.004889322187752073,Womens E-Mail
7,770.87,1,1,1,0.014612490278015833,0.001175354432284427,Mens E-Mail
7,63.95,1,0,1,0.005661940930334973,0.0023401101474975314,Mens E-Mail
7,348.44,0,1,1,0.010951681235793938,-0.0014264222961926044,Mens E-Mail
11,29.99,0,1,0,-0.023547283957779244,0.0009378742661276285,Womens E-Mail
3,216.08,0,1,0,0.0033030408816261854,-0.006793664502869294,Mens E-Mail
3,211.88,1,1,0,0.007537130979174524,-0.004754196266248618,Mens E-Mail
9,129.46,1,0,1,0.004046250310792129,0.0028909335466333085,Mens E-Mail
11,189.23,1,0,0,0.008751106924461061,-0.004716818693832769,Mens E-Mail
10,149.31,0,1,1,0.003346056228719015,0.007919635734481716,Womens E-Mail
4,218.92,0,1,0,0.0033763779298580762,-0.005957339238786703,Mens E-Mail
3,109.34,0,1,0,0.0019621229780391793,-3.4412685644957384e-05,Mens E-Mail
2,32.18,1,0,1,0.007254183934802091,0.006040674589071122,Mens E-Mail
7,287.73,1,1,0,0.011632695216539252,-0.0029165296098226036,Mens E-Mail
4,29.99,0,1,1,0.0014050576440337741,0.005407190105591652,Womens E-Mail
12,98.17,0,1,1,0.01233892084970811,0.011918062977107936,Mens E-Mail
3,297.33,0,1,0,0.008922253835341537,-0.0027873353065260014,Mens E-Mail
5,728.99,1,0,1,0.010273028489837872,0.012217183552098226,Womens E-Mail
9,483.16,1,1,0,0.010596985610459561,0.00045517277134898913,Mens E-Mail
4,93.36,1,0,1,0.004600853973727343,0.0008067178513585588,Mens E-Mail
2,542.34,0,1,1,0.006553271608053323,0.01875019757579432,Womens E-Mail
9,44.68,1,0,0,0.0035610455546692186,0.0016943286428017434,Mens E-Mail
6,265.61,0,1,1,0.0042804092338364205,0.005057061805543238,Womens E-Mail
4,184.47,1,0,0,0.0061579027150508725,0.0012748232223830716,Mens E-Mail
8,69.67,1,0,1,0.008634561701988942,0.0029951970160738382,Mens E-Mail
2,188.03,1,0,1,0.005066891878395957,0.002173711127915346,Mens E-Mail
1,1873.15,0,1,1,0.04202381220432762,-0.006836146368179548,Mens E-Mail
1,132.46,1,0,0,0.005161601932542018,-0.001388559640795249,Mens E-Mail
8,167.05,0,1,0,0.006112309772491558,0.00603149965947828,Mens E-Mail
3,179.31,0,1,0,0.004766074539573462,0.004066895327286377,Mens E-Mail
1,101.99,0,1,0,0.0036577769334434655,0.008623929834368252,Womens E-Mail
1,290.03,1,1,0,0.026964444860852487,-0.0024951919155715074,Mens E-Mail
1,89.59,0,1,1,0.0024483598638490606,0.00822102521687125,Womens E-Mail
4,29.99,0,1,1,0.0010025548333100279,0.003686853058512817,Womens E-Mail
2,851.45,1,1,1,0.022744368897926977,0.011807355784331914,Mens E-Mail
1,248.43,1,0,1,0.016204424612776675,-0.002942531053198539,Mens E-Mail
3,141.2,0,1,1,0.001109703825783132,0.00038108180283878993,Mens E-Mail
9,69.9,1,0,1,0.008200959584308574,0.0019077024866516693,Mens E-Mail
7,29.99,1,0,0,0.0038448733479156615,0.0009349264010114815,Mens E-Mail
6,113.6,1,0,1,0.003941259373470248,0.0010192408751184636,Mens E-Mail
10,29.99,0,1,0,0.0006205970734335925,0.006126614628071839,Womens E-Mail
9,302.52,1,0,0,0.010224948963505705,0.0012446979524904965,Mens E-Mail
3,73.99,0,1,0,0.003502469536087951,0.0020239384983567607,Mens E-Mail
1,79.5,0,1,0,0.004423291468281828,0.012789744172199838,Womens E-Mail
12,103.6,1,0,0,-0.0036110207543283944,-0.014715773673602021,No E-Mail
1,137.29,0,1,0,0.0017468616519923882,0.0004605227571638361,Mens E-Mail
8,34.8,0,1,1,0.003680957783481823,0.0053610514497064955,Womens E-Mail
6,114.74,1,0,0,0.00432620491115677,1.6555813066110627e-05,Mens E-Mail
8,244.94,1,0,0,0.009839727686297563,-0.002366467072798633,Mens E-Mail
1,452.72,0,1,0,0.0037452456455004533,-0.008311416154404689,Mens E-Mail
5,29.99,0,1,0,-6.99019783114706e-05,0.005651704907624796,Womens E-Mail
1,386.11,1,1,0,0.011811192963305989,0.002628741050600273,Mens E-Mail
8,45.78,1,0,0,0.003517350683951565,0.0007179602365848975,Mens E-Mail
6,358.77,0,1,0,0.012646183917907939,-0.0021002775208778463,Mens E-Mail
5,141.74,1,0,0,0.004728749145831856,0.00012029034362177848,Mens E-Mail
9,205.33,1,0,1,0.00915856403433681,0.005068810834571622,Mens E-Mail
1,629.85,1,0,1,0.006335419845004119,0.01680202256770426,Womens E-Mail
9,64.09,1,0,0,0.0034227761257954255,-0.0003344118251306374,Mens E-Mail
4,162.56,0,1,1,0.0036663011124959204,0.005002541318691329,Womens E-Mail
9,383.77,0,1,1,0.01039619995107076,0.0018728936545049498,Mens E-Mail
6,64.33,1,0,0,0.005823489769310136,0.000859279878239408,Mens E-Mail
11,143.65,0,1,1,0.0019253402803543756,0.008667957423247932,Womens E-Mail
12,63.28,1,0,1,0.005103627669715261,0.0013413267016126372,Mens E-Mail
6,108.83,1,0,0,0.004174917294808118,2.5872299927369875e-05,Mens E-Mail
4,121.87,1,0,0,0.0070549114118300576,0.00020265115199287,Mens E-Mail
10,489.29,0,1,0,0.012368959595142164,0.002391185377478182,Mens E-Mail
2,199.97,0,1,0,0.004736300846264103,0.004090343659208795,Mens E-Mail
4,614.83,1,0,1,0.010115051276522728,0.01019902010429521,Womens E-Mail
5,103.44,0,1,1,0.009444244601965439,0.004669893682563968,Mens E-Mail
9,199.38,0,1,1,0.007740845188308281,0.007750114459232427,Womens E-Mail
4,224.04,1,0,0,0.0077398469049595985,-0.004567505697663304,Mens E-Mail
3,80.65,0,1,1,0.0029620957406680877,0.0028136938291875558,Mens E-Mail
3,66.47,1,0,1,0.011133408387027222,0.002705137567660419,Mens E-Mail
9,33.63,0,1,0,0.0037456621694970382,0.006881308824362869,Womens E-Mail
6,528.03,1,1,1,0.00900491025559174,0.005598227113082113,Mens E-Mail
10,29.99,1,0,0,0.008751028792668302,-0.0004220733229897575,Mens E-Mail
2,109.81,1,0,1,0.004659244371717628,0.001769090674634811,Mens E-Mail
10,507.15,0,1,1,0.002915888370501489,-0.0038804559699199357,Mens E-Mail
10,161.43,0,1,1,0.0083672267532236,0.010377355916574085,Womens E-Mail
12,90.15,1,0,0,0.013604731789695557,-0.006304234095024975,Mens E-Mail
1,567.13,0,1,1,0.00936007185432042,0.02393731668832441,Womens E-Mail
1,681.12,1,0,1,0.0065298480776382496,0.0023470947021288165,Mens E-Mail
9,198.54,0,1,0,0.008256144376241743,0.0075215051562947605,Mens E-Mail
11,301.0,1,1,1,0.011097835242397061,0.004053244883598671,Mens E-Mail
2,378.5,0,1,0,0.009753387265672705,-0.0038038388572423317,Mens E-Mail
10,131.95,0,1,0,0.0032495356274677657,0.0057304997241244444,Womens E-Mail
6,179.51,0,1,0,0.0038166488781987023,0.005509310997062834,Womens E-Mail
10,375.34,1,0,0,0.005440108592339858,-0.0006820858275284456,Mens E-Mail
8,29.99,1,0,0,0.0025794726306988744,-0.000773091074641697,Mens E-Mail
1,286.31,1,1,0,0.0067202986839156615,-0.005540469417005602,Mens E-Mail
7,600.13,1,1,1,0.013253367171076818,0.006883045609031142,Mens E-Mail
6,107.42,0,1,1,0.003661931992415175,0.0035055910578838593,Mens E-Mail
1,1515.82,1,1,1,0.03778478064201109,0.24089560775007382,Womens E-Mail
2,102.99,0,1,0,0.0023568974028566375,0.0008181480746716265,Mens E-Mail
10,317.16,1,0,0,0.010288453658545435,-0.0002519155004069639,Mens E-Mail
7,297.6,1,0,0,0.01017510398420398,0.0011562622148912297,Mens E-Mail
10,599.06,0,1,1,0.018485664766153716,0.00907222649084041,Mens E-Mail
10,29.99,1,0,0,0.0027878669629616583,0.0006838647946584921,Mens E-Mail
1,783.8,1,1,1,0.022516696086146083,0.012453884969793787,Mens E-Mail
9,89.96,1,0,0,0.006409317978763419,0.00041217879771961646,Mens E-Mail
8,155.75,0,1,1,0.002694974741910554,0.006014397489431022,Womens E-Mail
11,29.99,1,0,1,0.005626237563527075,-0.0008428727431034133,Mens E-Mail
5,47.98,0,1,0,0.002912054027342982,0.005592257948927326,Womens E-Mail
8,135.67,1,0,1,0.004716882138297511,0.0029250303236473844,Mens E-Mail
11,504.86,1,0,1,0.0042611046727489875,0.013720014886019625,Womens E-Mail
1,904.58,0,1,1,0.030598460042264387,0.013865904296669377,Mens E-Mail
11,312.41,1,0,1,0.01023039857748826,0.002446234877250362,Mens E-Mail
9,404.03,1,1,0,0.013365365556662673,0.007611329998163491,Mens E-Mail
7,251.05,1,0,0,0.010871060315281867,0.0022754816364230525,Mens E-Mail
1,30.01,0,1,1,0.0014720136429980128,0.012251001737623068,Womens E-Mail
1,155.65,1,0,0,0.005882320982464318,0.0008495302797648093,Mens E-Mail
12,36.67,0,1,0,0.04423020337725718,0.008355362559033677,Mens E-Mail
12,49.27,1,0,1,0.006466558171072913,0.004005025167593568,Mens E-Mail
1,563.7,1,0,1,0.005368537426778986,0.012951585527939926,Womens E-Mail
6,265.2,1,0,0,0.005717805495334494,-0.0035535333177042303,Mens E-Mail
1,357.56,0,1,0,0.011607588068708529,-0.005592176544037415,Mens E-Mail
11,206.97,1,0,0,0.008613754504910438,-0.004443440083262364,Mens E-Mail
7,1222.53,1,1,1,0.00771717379189263,0.0271762670984586,Womens E-Mail
5,67.55,1,0,0,0.0033664230715106237,-0.0005116958176372232,Mens E-Mail
9,108.59,1,0,1,0.010241336437715862,0.0032954821824039715,Mens E-Mail
1,615.04,1,1,1,0.011837783445219654,0.014806404514193688,Womens E-Mail
7,153.17,1,0,0,0.003394528753279632,0.0010332480968368882,Mens E-Mail
9,40.16,1,0,1,0.0065115268268787765,0.004534004908617513,Mens E-Mail
4,127.51,1,0,1,0.004968548589119499,0.002493574371063087,Mens E-Mail
8,60.9,0,1,1,0.0044147786944041915,0.006165412848260664,Womens E-Mail
1,234.17,1,0,1,0.020919132294698283,-0.002838661904874552,Mens E-Mail
12,145.27,1,0,1,0.006207947511696173,0.003504237377757402,Mens E-Mail
11,112.61,0,1,0,0.003036528715001156,0.011233798367642664,Womens E-Mail
5,168.1,1,0,0,0.008666127784268372,0.0014916467220233095,Mens E-Mail
1,745.63,1,1,1,0.017168834754123476,0.018295097462052247,Womens E-Mail
6,29.99,0,1,0,0.0005289238678255327,0.0028511033660930155,Womens E-Mail
5,37.79,0,1,0,0.006548603216678239,0.005328882406150721,Mens E-Mail
8,772.55,1,0,1,0.013774950600734475,0.0049743251455010755,Mens E-Mail
4,70.16,0,1,0,0.003705008773464925,0.0035745598521236257,Mens E-Mail
7,115.07,0,1,0,0.0026165977732578102,0.0021491201076067707,Mens E-Mail
3,248.26,0,1,1,0.007125349531168278,-0.00351153137531386,Mens E-Mail
6,65.1,1,0,0,0.003397906653870088,-7.017681459421265e-05,Mens E-Mail
1,585.14,1,0,1,0.005537843689043313,0.012059676391129134,Womens E-Mail
9,297.59,0,1,1,0.010473968847732574,0.00753220421171887,Mens E-Mail
7,409.76,1,1,0,0.012418589653404432,0.005093210176777419,Mens E-Mail
9,60.15,0,1,0,0.006674281732644555,0.0054602987869460246,Mens E-Mail
1,111.37,0,1,1,0.002098517856142166,0.004180822087313245,Womens E-Mail
7,29.99,0,1,0,0.0002404812979672549,0.0029306535019317155,Womens E-Mail
1,87.0,0,1,1,0.008298324536613964,0.010698529350434628,Womens E-Mail
2,46.47,0,1,1,0.00227694156801097,0.011954078957115283,Womens E-Mail
11,297.25,0,1,1,0.008621963404576759,0.00684072261561863,Mens E-Mail
9,129.29,0,1,1,0.003252760545700994,0.006525366794576269,Womens E-Mail
5,150.06,1,0,1,0.0050360670748038055,0.0029678722798733414,Mens E-Mail
3,708.62,0,1,1,0.011864858732115714,0.0028182811275564894,Mens E-Mail
3,29.99,1,0,1,0.005702557940288237,0.006662786100737938,Womens E-Mail
2,531.69,0,1,1,0.006262031363847308,0.018770013390034663,Womens E-Mail
10,113.33,0,1,0,0.0031718267879903023,0.00878373839298938,Womens E-Mail
4,737.33,0,1,1,0.011138076619548683,0.005015817775603839,Mens E-Mail
12,29.99,1,0,1,0.020633758541236145,0.006932374734825503,Mens E-Mail
6,1292.1,1,0,1,-0.0021448611488692954,0.0011539620850164079,Womens E-Mail
11,272.89,1,0,1,0.008555146670866196,0.0008645367179285069,Mens E-Mail
4,302.86,0,1,1,0.007325796352686231,-0.0013240863369588037,Mens E-Mail
11,29.99,0,1,0,0.00966027512283075,0.0053293497353653135,Mens E-Mail
7,758.59,0,1,1,0.013022448900120815,0.003260724858776948,Mens E-Mail
4,174.55,1,0,1,0.007448906324373792,0.003869177322527706,Mens E-Mail
9,76.72,1,0,0,0.0035356369746136125,-0.00025299356962405075,Mens E-Mail
6,334.34,0,1,0,0.011000724677604339,0.004789922017276226,Mens E-Mail
12,108.83,1,0,0,0.008666897560623473,-0.011867514179234477,Mens E-Mail
10,319.45,0,1,0,0.010839520879751438,0.0038374772160509815,Mens E-Mail
10,29.99,1,0,1,0.012288922135589036,0.0018083646091279217,Mens E-Mail
3,367.27,0,1,1,0.004558525946444143,-0.004974006022419242,Mens E-Mail
8,29.99,1,0,1,0.007798176771160362,0.0049273739434023646,Mens E-Mail
10,102.82,1,0,1,0.011380010888415356,0.001920790910920546,Mens E-Mail
10,189.02,0,1,1,0.0041441990837270525,0.009785347444527265,Womens E-Mail
4,739.84,1,0,1,-0.0743637985176521,0.0033770821717255084,Womens E-Mail
4,85.64,1,0,1,0.006561844732446986,0.0012606272227423086,Mens E-Mail
6,161.43,0,1,0,0.005938502012338942,0.006273104353768213,Womens E-Mail
8,346.57,1,0,1,0.011461995943808142,0.0008943298022120294,Mens E-Mail
7,729.01,0,1,1,0.0119166596062509,0.001051004021305581,Mens E-Mail
10,51.33,1,0,1,0.010751166869235725,0.002483218224143033,Mens E-Mail
2,159.22,0,1,0,0.005865305944054646,0.005038721408776087,Mens E-Mail
5,1079.62,1,1,1,-0.10887054745879249,-0.12674138433816168,No E-Mail
10,29.99,1,0,1,0.012288922135589036,0.0018083646091279217,Mens E-Mail
11,43.51,0,1,0,0.014562862498224036,0.008583856865413228,Mens E-Mail
10,163.8,0,1,1,0.005322663874293286,0.01094811102473076,Womens E-Mail
9,212.32,1,0,0,0.009032965867923968,0.005437892469960171,Mens E-Mail
7,147.81,1,0,1,0.0056612604964612016,0.0018286938321380231,Mens E-Mail
5,168.93,1,0,1,0.0074445043514799235,0.003830066087274389,Mens E-Mail
6,1462.5,1,0,1,-0.008591635552606617,0.016711027894110542,Womens E-Mail
1,544.98,1,0,1,0.0011098072968079773,0.01982959165701445,Womens E-Mail
11,322.87,0,1,0,0.009316788907812441,0.004246391534884722,Mens E-Mail
7,508.18,1,0,1,0.005031341247903654,0.012672774105959706,Womens E-Mail
1,50.62,1,0,0,0.007929101886563327,0.008855558042217286,Womens E-Mail
1,806.91,1,1,1,0.022563320229011127,0.01574906452338248,Mens E-Mail
5,291.17,1,0,0,0.009577581152547456,0.004334758972418134,Mens E-Mail
6,447.01,0,1,1,0.004205770828999294,0.0009075899125388944,Mens E-Mail
5,777.95,1,0,1,0.01327300828087259,0.0038886281700130764,Mens E-Mail
9,174.11,1,0,0,0.0076157505704669585,0.0013854516872158057,Mens E-Mail
5,30.59,0,1,1,0.0029838308613651023,0.006786151053477757,Womens E-Mail
4,305.76,0,1,0,0.009026802832616093,-0.0024114458288364247,Mens E-Mail
8,29.99,0,1,0,0.0013603267084911165,0.0020969683713410446,Womens E-Mail
8,256.83,0,1,1,0.009120844226818768,0.0026688850020649283,Mens E-Mail
7,462.7,0,1,1,0.007637850568168017,0.0038817999513403394,Mens E-Mail
7,489.49,1,0,1,0.001188962939314817,0.0014790657488217907,Womens E-Mail
1,352.99,1,0,0,0.012199942070726411,-0.00894160021811906,Mens E-Mail
3,54.79,1,0,0,0.003488590453393158,0.0012506606901886532,Mens E-Mail
9,29.99,0,1,0,0.002598749380675982,0.0028184769859716844,Womens E-Mail
5,54.14,0,1,1,0.002617108162625499,0.005169423632574006,Womens E-Mail
3,104.0,0,1,0,0.003664795304074674,0.000399456160049822,Mens E-Mail
2,231.27,0,1,1,0.0036079357968254876,-0.0014603370493023906,Mens E-Mail
2,50.37,1,0,0,0.004130835711085104,0.009427398608141258,Womens E-Mail
9,189.33,1,0,1,0.00580254449890329,0.0037731667332928155,Mens E-Mail
1,368.01,0,1,0,0.007756947609191925,-0.0038775077882212535,Mens E-Mail
1,331.21,1,0,1,0.005843646752578247,-0.003735017380772769,Mens E-Mail
2,186.51,0,1,0,0.0032477066660117904,0.004090343659208795,Womens E-Mail
9,433.89,0,1,0,0.00876553218078559,0.004017467676707211,Mens E-Mail
8,90.62,1,0,0,0.002692583709247869,-2.9479411931766957e-05,Mens E-Mail
7,29.99,1,0,0,0.0025794726306988744,-0.000773091074641697,Mens E-Mail
2,44.37,0,1,0,0.0032002117395204506,0.010239917286724387,Womens E-Mail
1,539.96,0,1,1,0.0012502390724812153,0.020220010105787566,Womens E-Mail
3,43.0,1,0,0,0.004174322386911172,0.003475642582383975,Mens E-Mail
10,145.73,0,1,1,0.003088255905214707,0.007981292815154742,Womens E-Mail
3,80.86,1,0,1,0.010240370096295973,0.0022161890884324583,Mens E-Mail
9,646.2,1,0,1,0.014944481319293055,0.005484628395744088,Mens E-Mail
1,585.22,1,0,1,0.006087359195068157,0.014362759845402962,Womens E-Mail
2,202.92,0,1,0,0.0032255358250703405,0.004946601211501818,Womens E-Mail
7,78.57,1,0,1,0.007055811212284034,0.0024122119161428604,Mens E-Mail
1,735.63,1,0,1,0.007239659057339628,0.0038956909128254383,Mens E-Mail
9,162.44,1,0,0,0.007628315800656636,0.001815106906828597,Mens E-Mail
10,226.15,0,1,1,0.009484930947536005,0.006578038331836278,Mens E-Mail
10,29.99,1,0,0,0.0027878669629616583,0.0006838647946584921,Mens E-Mail
9,179.43,0,1,0,0.006154321660397118,0.008695889767948098,Womens E-Mail
6,549.78,1,0,1,0.00679727250975222,0.007303919871142621,Womens E-Mail
9,34.72,0,1,1,0.004690497328234564,0.0042524956945751416,Mens E-Mail
1,61.08,0,1,0,0.009129122981779899,0.01711683544510661,Womens E-Mail
1,92.29,0,1,1,0.008298324536613964,0.008059424489796081,Mens E-Mail
4,316.87,0,1,1,0.0074310783870347565,-6.426427969762817e-05,Mens E-Mail
2,189.02,0,1,1,0.0030900119891165093,0.004550489357126147,Womens E-Mail
2,210.51,0,1,0,0.004038292121928183,0.011745625673913995,Womens E-Mail
9,301.15,1,1,0,0.012842665960607746,0.002254914449746438,Mens E-Mail
9,127.38,1,0,0,0.005930621583534558,0.0007067294968331912,Mens E-Mail
9,29.99,0,1,1,0.008474200135798316,0.004751103864715531,Mens E-Mail
9,29.99,0,1,1,0.0061764541318226176,0.006412030755177159,Womens E-Mail
1,70.17,1,0,0,0.006640570738905054,0.005105155235022692,Mens E-Mail
11,262.78,1,0,1,0.005522883479457242,0.0024448865230213947,Mens E-Mail
10,138.83,1,0,0,0.002532158158705016,0.00035498950302242254,Mens E-Mail
6,505.48,1,1,1,0.009911513240292012,-0.000893639562540727,Mens E-Mail
11,92.28,0,1,1,0.00870777945137329,0.010567556158344753,Womens E-Mail
4,209.79,0,1,0,0.005056656517699321,0.0037863046896193207,Mens E-Mail
3,34.22,1,0,1,0.00660726866439002,0.0067646811170091045,Womens E-Mail
2,152.95,0,1,0,0.00294664255937665,0.005038721408776087,Womens E-Mail
5,427.17,1,1,0,0.011618399395807862,-0.000650087820414851,Mens E-Mail
1,163.58,0,1,0,0.006964889531266767,0.005988350024999317,Mens E-Mail
1,75.83,1,0,0,0.007135797501169193,0.003676919830575076,Mens E-Mail
11,184.17,1,0,0,0.002623497776824768,-0.0056614982685532,Mens E-Mail
10,466.25,0,1,0,0.00617576368161511,0.00086344831519364,Mens E-Mail
7,151.91,0,1,1,0.004059943914047885,0.004513997056658669,Womens E-Mail
1,148.57,0,1,0,0.0032925631973649027,0.003366150557673739,Womens E-Mail
2,200.23,1,0,0,0.004944124248100947,0.0002216966364472764,Mens E-Mail
5,663.14,1,1,1,0.01179638163839789,0.004605218031803543,Mens E-Mail
4,383.9,0,1,0,0.010087444103518051,-0.0032617271635436004,Mens E-Mail
2,227.46,1,0,0,0.006893113771131585,-0.009996380884840266,Mens E-Mail
8,212.27,0,1,1,0.005323836743459877,0.0061712045469970705,Womens E-Mail
6,97.9,0,1,1,0.0012013207836351365,0.0016442409815712353,Womens E-Mail
7,208.25,0,1,1,0.005074247354467407,0.007732769716676785,Womens E-Mail
12,88.65,1,0,0,0.013604731789695557,-0.006304234095024975,Mens E-Mail
10,64.55,1,0,1,0.00565984641613023,0.0011289879694329212,Mens E-Mail
2,454.04,1,0,0,0.0009608580743067388,-0.020328690520922836,Mens E-Mail
1,29.99,0,1,0,0.0031165322610946424,0.010951183306914287,Womens E-Mail
7,157.63,1,0,1,0.0042609671208693285,0.0033468458928050315,Mens E-Mail
3,29.99,0,1,1,0.0014050576440337741,0.005210355837129071,Womens E-Mail
10,119.63,0,1,0,0.003829595600972865,0.00919545434523979,Womens E-Mail
4,317.96,0,1,0,0.009382338389300368,-0.0021167582143714323,Mens E-Mail
3,138.44,1,0,1,0.003388583285958854,0.0016794816993619451,Mens E-Mail
4,186.97,1,0,1,0.007020101212838659,0.0034081554859914957,Mens E-Mail
5,226.84,0,1,1,0.004181238051669201,0.0015793897765723954,Mens E-Mail
3,351.2,1,0,0,0.007540235126062568,-0.009838050447949475,Mens E-Mail
2,458.41,0,1,0,0.006265087794404079,-0.0035201044716751256,Mens E-Mail
5,135.64,1,0,0,0.00432620491115677,1.869153464754813e-06,Mens E-Mail
10,127.29,0,1,1,0.002674339522182253,0.0076932654227542295,Womens E-Mail
9,158.91,1,0,1,0.005985276003434131,0.004310664802321138,Mens E-Mail
1,478.49,0,1,0,0.007827710694160613,0.003318949240615903,Mens E-Mail
11,138.08,1,0,0,-0.0003489879369444467,-0.006952374876076083,No E-Mail
1,525.42,0,1,1,0.006258638085751618,0.046562395593521586,Womens E-Mail
1,303.34,1,1,0,0.012181058992242824,-0.003189792247541492,Mens E-Mail
5,50.63,1,0,0,0.003548834266311029,0.0032913225949827113,Mens E-Mail
9,35.4,0,1,1,0.00826895224610668,0.005415872943553575,Mens E-Mail
7,38.9,0,1,1,0.004081364968881877,0.003890317136227905,Mens E-Mail
5,46.09,1,0,0,0.0055286351413587525,0.0037247828165486176,Mens E-Mail
6,333.21,1,0,1,0.010432272131881075,-0.00032869370183915544,Mens E-Mail
2,584.37,1,0,1,0.006169442173837053,0.016826573404943184,Womens E-Mail
6,29.99,0,1,1,0.0012911037727333932,0.0045821694452900874,Womens E-Mail
4,78.96,0,1,1,0.002225714330278694,0.003268770590816894,Womens E-Mail
4,53.42,0,1,0,0.002041680152501388,0.00455841217097939,Womens E-Mail
3,314.67,1,0,1,0.0034526802281896027,-0.0033789178260187178,Mens E-Mail
5,306.21,0,1,0,0.008989397883451114,-0.0006779075865857943,Mens E-Mail
4,72.38,1,0,1,0.010317598584132316,0.0029230376008381794,Mens E-Mail
1,375.03,1,0,0,0.00679201107315674,-0.009576240908214104,Mens E-Mail
3,163.76,1,0,1,0.00512206517536042,0.0014334047973027452,Mens E-Mail
6,178.37,1,0,1,0.006146312035021848,0.002438484166433124,Mens E-Mail
1,522.77,1,0,1,0.004671348273159808,0.00565564254820912,Womens E-Mail
8,59.95,1,0,0,0.003397906653870088,0.0004093527355518564,Mens E-Mail
6,569.14,0,1,1,0.008023842282444677,0.008085526648303117,Womens E-Mail
4,275.27,1,0,1,0.00234863272366825,-0.0008570278931230976,Mens E-Mail
1,29.99,0,1,0,0.0031165322610946424,0.010951183306914287,Womens E-Mail
2,675.88,1,1,1,0.010534664755910304,0.006177623975514825,Mens E-Mail
10,161.65,1,0,0,0.009929371904000688,0.0021976849725849766,Mens E-Mail
11,568.56,1,1,1,0.011214525301669984,0.0073644231408687595,Mens E-Mail
9,257.6,1,1,1,0.009928521871123905,0.003983899529919583,Mens E-Mail
2,269.13,0,1,0,-0.0023890816172489485,-0.003392676907686576,No E-Mail
12,32.51,0,1,0,0.0020713724043747786,0.004290597575508073,Womens E-Mail
11,99.05,1,0,1,0.0040284553116166615,0.0013499719262577183,Mens E-Mail
7,340.72,1,0,0,0.01126335673079388,-0.0026013140702637384,Mens E-Mail
9,100.86,1,0,1,0.0063586912720129205,0.0012306962256932294,Mens E-Mail
3,1118.27,1,1,1,0.021278900015755976,0.012738360576138625,Mens E-Mail
2,214.95,0,1,1,0.0040381187278875795,-0.01573505191297798,Mens E-Mail
11,143.91,0,1,0,0.002641400270643127,0.006240442523426137,Womens E-Mail
10,1097.45,0,1,1,0.01871010047880635,0.012463232433861937,Mens E-Mail
6,263.84,0,1,1,0.005172513084263119,0.00016612017125525552,Mens E-Mail
7,45.72,1,0,0,0.003548834266311029,0.0016943286428017434,Mens E-Mail
2,243.5,1,1,0,0.012034877215731203,-0.006196460763019106,Mens E-Mail
8,58.28,0,1,0,0.002592984189030057,0.0036879794727185766,Womens E-Mail
2,225.35,1,0,0,0.005615266250648634,-0.010087666143135323,Mens E-Mail
3,222.8,1,0,0,0.004586726278994669,-0.011397072019832394,Mens E-Mail
1,29.99,1,0,1,0.028633084741594976,0.009901658127256545,Mens E-Mail
1,313.98,0,1,0,0.0074419892104433194,-0.005564254937124073,Mens E-Mail
6,105.87,1,0,1,0.007590629269563693,0.0013700655505234306,Mens E-Mail
5,29.99,0,1,1,0.0010025548333100279,0.0037391687656528052,Womens E-Mail
3,244.64,1,0,0,0.008473695854416888,-0.010705508009336668,Mens E-Mail
12,49.5,0,1,1,0.004481957442101887,0.006012546914159618,Womens E-Mail
7,29.99,1,0,1,0.0088565832527403,0.004477271259942842,Mens E-Mail
1,29.99,1,0,0,0.006245831131927669,0.0030740630340752822,Mens E-Mail
7,56.46,1,0,1,0.007129358646144158,0.0022359492295225213,Mens E-Mail
4,110.29,0,1,0,0.0032733535000215187,0.002158194619974811,Mens E-Mail
10,300.6,1,1,0,0.014638895762823552,0.008197103631072842,Mens E-Mail
3,29.99,0,1,1,0.0009185304102218303,0.0034900187900502367,Womens E-Mail
9,174.64,0,1,1,0.0062890210491734965,0.009216013779245028,Womens E-Mail
5,771.92,0,1,1,0.014777933296824261,0.005153064724084313,Mens E-Mail
1,215.23,1,0,1,0.008479820636243786,-0.0141677502044389,Mens E-Mail
7,192.12,1,0,0,0.006470779320019048,0.0012916214347403158,Mens E-Mail
6,40.02,0,1,0,0.0030850296522656603,0.004407787106672967,Womens E-Mail
8,29.99,1,0,0,0.004218719144992667,-0.0002243901778968346,Mens E-Mail
10,275.04,1,0,0,0.004700234432350725,0.00017575959189316498,Mens E-Mail
2,518.53,0,1,1,0.008079439897321867,0.007338690147440888,Mens E-Mail
3,454.0,0,1,0,0.0036881694318300737,-0.003158912255589798,Mens E-Mail
3,342.64,0,1,0,0.009887579278414254,-0.005636341865769464,Mens E-Mail
8,337.09,1,0,0,0.010756126887813626,-0.003878076678152338,Mens E-Mail
1,1311.69,1,1,1,0.023636269046704888,0.031025048723673898,Womens E-Mail
1,817.36,1,1,1,0.02930482774266061,0.004877095303709502,Mens E-Mail
10,246.4,1,0,0,0.010179017086837994,-0.0003260090007014214,Mens E-Mail
1,406.33,0,1,0,0.008609244989935122,-0.005117338570221542,Mens E-Mail
11,98.05,0,1,1,0.00870777945137329,0.010676994486125876,Womens E-Mail
1,186.69,1,0,0,0.005802564348573073,0.0022410590114895356,Mens E-Mail
1,29.99,0,1,0,0.001621845801608793,0.009851135525312681,Womens E-Mail
8,29.99,1,0,1,0.007834764586490356,0.0018976467612521273,Mens E-Mail
1,586.52,1,0,1,0.0036454176857954263,0.007679408249293501,Womens E-Mail
8,286.25,0,1,1,0.00908153289993565,0.007753672846274125,Mens E-Mail
10,89.45,1,0,1,0.010283007848142593,0.0018113525831394241,Mens E-Mail
8,194.81,1,0,1,0.006787747650707316,0.003982647160820258,Mens E-Mail
10,33.57,1,0,0,0.004050195813286433,0.002005961687877768,Mens E-Mail
9,140.33,1,0,1,0.003964412677489345,0.0027861132351150054,Mens E-Mail
1,382.15,0,1,0,0.00888759673673907,-0.0031870647448082197,Mens E-Mail
5,63.2,0,1,0,0.004298380179641298,0.005070946103334047,Womens E-Mail
10,148.23,0,1,1,0.003088255905214707,0.007981292815154742,Womens E-Mail
3,123.2,1,0,1,0.003531828665730506,0.0016794816993619451,Mens E-Mail
1,485.53,1,0,0,-0.0006420261955789674,0.006116573654665639,Womens E-Mail
1,398.71,1,0,0,0.0020568517441526216,-0.010163447360098702,Mens E-Mail
9,46.56,1,0,0,0.006864939850233651,0.0015113542241707559,Mens E-Mail
9,29.99,0,1,0,0.002598749380675982,0.0028184769859716844,Womens E-Mail
1,162.82,1,0,0,0.007937375671059744,0.0014717533229227327,Mens E-Mail
2,2080.78,1,1,1,0.1572709445766448,-0.028865514719451826,Mens E-Mail
10,85.31,1,0,0,0.005424298054690123,0.0005061068857065544,Mens E-Mail
2,180.48,1,0,0,0.004686212452422121,1.0568984887886938e-05,Mens E-Mail
7,139.53,0,1,1,0.0023198247446795444,0.0019249098696795732,Mens E-Mail
7,151.89,1,0,0,0.005199409847870585,0.000578128904408971,Mens E-Mail
10,29.99,1,0,0,0.0019383729403182504,0.0003982346172116513,Mens E-Mail
1,651.65,1,1,1,0.00921469452238198,0.01697793586839054,Womens E-Mail
10,209.02,0,1,0,0.00766621951067865,0.009608091133024604,Womens E-Mail
1,305.09,1,1,0,0.01137028881420079,-0.004310859066001171,Mens E-Mail
2,424.44,0,1,0,0.009694059294043504,-0.003977783598379707,Mens E-Mail
10,138.11,0,1,0,0.0020453375774773007,0.007268120694351533,Womens E-Mail
1,804.15,1,1,1,0.022912041921559982,0.01574906452338248,Mens E-Mail
11,85.29,0,1,0,0.0025395340763261103,0.00482286125906169,Womens E-Mail
9,29.99,0,1,1,0.005332053078448599,0.003412020057965388,Mens E-Mail
4,307.66,1,0,1,0.009863109828431265,0.0006297886557790582,Mens E-Mail
11,123.25,1,0,0,0.007423401470129714,-0.006431168548159082,Mens E-Mail
2,322.83,1,0,0,0.006154891428962281,-0.007885920676743896,Mens E-Mail
3,261.43,0,1,1,0.0028646682424110334,-0.0012223460759109542,Mens E-Mail
7,513.78,1,0,1,0.00748190169588564,0.006751346974837057,Mens E-Mail
5,746.6,1,0,1,0.0141156165918707,0.0063077202139203365,Mens E-Mail
8,56.17,1,0,0,0.003397906653870088,-0.0005748606728240997,Mens E-Mail
1,1486.31,1,1,1,0.02989692409177293,0.037423920619719275,Womens E-Mail
1,143.84,0,1,1,0.007354887808508168,0.0036143379492803033,Mens E-Mail
10,82.14,0,1,0,0.009124329817987489,0.008030407956705846,Mens E-Mail
9,29.99,0,1,1,0.008474200135798316,0.004751103864715531,Mens E-Mail
9,152.55,0,1,1,0.0034214296997809365,0.01147289575843283,Womens E-Mail
5,145.36,1,0,1,0.0050360670748038055,0.0029678722798733414,Mens E-Mail
9,314.36,0,1,0,0.010839520879751438,0.0039344959560443475,Mens E-Mail
3,390.34,1,0,0,0.008176876354164104,-0.008105366795829702,Mens E-Mail
12,618.13,1,1,1,0.016206975166356892,0.008756640050133309,Mens E-Mail
6,29.99,0,1,1,0.003221523566676817,0.00535221180484065,Womens E-Mail
6,29.99,0,1,0,-0.0005841416689127879,0.0029306535019317155,Womens E-Mail
6,54.41,0,1,1,0.0016827484578475266,0.004495295429172765,Womens E-Mail
9,718.97,0,1,1,0.013330438738654117,0.004521884284169705,Mens E-Mail
6,154.16,1,0,0,0.005447904701683163,0.0012459352490383857,Mens E-Mail
9,157.41,0,1,0,0.003747556197241508,0.008741693003322438,Womens E-Mail
6,56.14,0,1,1,0.002728924309563869,0.003302593943250338,Womens E-Mail
7,77.94,1,0,1,0.00699736364379449,0.0014506037741360454,Mens E-Mail
1,335.08,0,1,0,0.009498974706913526,-0.003172495906796098,Mens E-Mail
5,29.99,0,1,1,0.002851826536402388,0.006924444528206503,Womens E-Mail
10,110.84,1,0,0,0.002741451014710263,-6.331780722097697e-05,Mens E-Mail
10,312.03,0,1,0,0.01016609005168061,0.0036892701660160847,Mens E-Mail
5,258.91,0,1,1,0.006552465521413278,0.0012329541241554917,Mens E-Mail
2,101.67,1,0,1,0.007108867014511472,0.0019614315264049917,Mens E-Mail
2,741.29,1,1,1,0.01110230067723392,0.002952223818842499,Mens E-Mail
1,114.68,1,0,0,0.01111082604983953,-9.414836144693558e-05,Mens E-Mail
3,82.25,1,0,0,0.003381289002107955,-0.0007843888252508499,Mens E-Mail
7,29.99,0,1,0,0.0007547209885685718,0.003396123067241526,Womens E-Mail
8,37.74,0,1,1,0.006902740795750635,0.0031361821414759364,Mens E-Mail
5,153.22,0,1,0,0.0029135036984361306,0.0054467400215659064,Womens E-Mail
5,582.36,0,1,1,0.00856621855978215,0.007489400888391499,Mens E-Mail
7,29.99,1,0,1,0.006390104311813915,0.004667338476099664,Mens E-Mail
7,46.51,1,0,1,0.008577425167952102,0.004890861004026408,Mens E-Mail
2,964.89,1,0,1,-0.07756097295908164,0.004761143946028313,Womens E-Mail
5,207.31,1,0,0,0.004825962056781131,0.0015884232152279987,Mens E-Mail
3,187.74,0,1,0,0.004175644541478809,0.003217410310783286,Mens E-Mail
4,99.39,1,0,0,0.00477560395551888,-0.0005187313990944243,Mens E-Mail
3,29.99,1,0,0,0.0032992460400521305,-0.00040699351904306945,Mens E-Mail
2,198.17,0,1,0,0.0056642387217311204,0.0037559140208292432,Mens E-Mail
7,213.26,1,1,1,0.005816843587014562,0.0014078071078000107,Mens E-Mail
12,159.93,1,0,0,0.0004103290796046591,-0.005732435259645367,Mens E-Mail
3,70.91,0,1,1,0.0032261647172236205,0.0034748252916633384,Womens E-Mail
4,173.48,0,1,1,0.0038886354783253647,0.0052482527916762525,Womens E-Mail
8,287.06,0,1,0,0.011400439703199131,0.014456480010896425,Womens E-Mail
9,173.88,0,1,0,0.009278880038040432,0.0065860137683334,Mens E-Mail
9,428.99,1,0,0,0.007723188307697518,0.004417173272524355,Mens E-Mail
8,492.53,1,1,1,0.008552917027134939,0.0007418079338136362,Mens E-Mail
2,784.22,1,0,1,0.008012457102379198,0.013555785406302643,Womens E-Mail
1,81.12,0,1,0,0.00524784903797418,0.00891678674669978,Womens E-Mail
2,29.99,0,1,1,0.0011537531971605535,0.011369631998776207,Womens E-Mail
11,59.11,1,0,1,0.010808473376648482,0.00117554645734914,Mens E-Mail
1,156.33,0,1,1,0.0020433017578410954,0.006449153624357493,Womens E-Mail
2,64.26,1,0,0,0.003980610964661695,0.0008280637954887289,Mens E-Mail
2,836.65,1,1,1,0.026385358554412222,0.004170549229729224,Mens E-Mail
3,39.37,0,1,1,0.0017143166282572765,0.003608799012441525,Womens E-Mail
10,56.6,1,0,0,0.0034101179422282774,-0.000644061870006353,Mens E-Mail
7,221.71,0,1,1,0.002881421856284383,-0.004369940516686113,Mens E-Mail
6,29.99,1,0,1,0.005858191765382928,0.004667338476099664,Mens E-Mail
5,320.43,1,1,0,0.011315749257806809,-0.0020817798992135753,Mens E-Mail
4,222.32,1,1,1,0.005327666946586905,-0.004325744588366611,Mens E-Mail
1,249.24,0,1,1,0.010554978699190455,0.0011564736280164985,Mens E-Mail
10,398.03,1,0,0,0.01014887422623794,-0.0023874722465767758,Mens E-Mail
2,122.01,0,1,1,0.001868970379516492,0.0025639670790489916,Womens E-Mail
3,105.08,1,0,0,0.0097771992316189,-0.0009962664811309996,Mens E-Mail
2,61.34,1,0,1,0.016530380340554842,0.008133087407067119,Mens E-Mail
11,87.52,0,1,0,0.0025395340763261103,0.00482286125906169,Womens E-Mail
6,343.82,1,0,0,0.010693039885347482,-0.0032601502345424908,Mens E-Mail
1,767.3,1,1,1,0.02150414486294108,0.005631633744376919,Mens E-Mail
1,283.63,0,1,1,0.0012504890601613002,-0.0015960880046093236,Mens E-Mail
9,29.99,0,1,0,0.002598749380675982,0.0028184769859716844,Womens E-Mail
4,116.37,1,0,0,0.005276715382143556,1.869153464754813e-06,Mens E-Mail
10,175.21,0,1,0,0.006923649280728864,0.010965213194778016,Womens E-Mail
11,82.57,1,0,0,-7.313005192713876e-05,-0.007656707852234799,No E-Mail
2,725.51,1,0,1,0.008932823154290885,0.012226662115782107,Womens E-Mail
10,363.14,0,1,0,0.013272954882796313,0.0029946340281245803,Mens E-Mail
6,835.28,1,1,1,0.019916483026972208,0.0031733332785872756,Mens E-Mail
10,167.85,0,1,0,0.011949049118776468,0.011043813052951231,Mens E-Mail
9,254.75,1,0,1,0.009456947712854418,0.0021560735960608228,Mens E-Mail
7,116.33,0,1,0,0.004718924129675123,0.00463379205314088,Mens E-Mail
7,662.26,1,0,1,0.011669704119157867,0.007844519226921783,Mens E-Mail
10,72.77,1,0,0,0.0038333710296888915,0.00011240770144221568,Mens E-Mail
6,109.99,1,0,1,0.005027042461031713,0.0025082610306644427,Mens E-Mail
12,640.99,1,1,1,0.012676562921225727,0.011354363653093735,Mens E-Mail
3,816.52,1,1,1,0.030803321039318283,0.004747421579217625,Mens E-Mail
3,290.52,1,0,0,0.006383642678154076,-0.006909511574501276,Mens E-Mail
7,96.76,1,0,1,0.006638256104436555,0.0023316736925302456,Mens E-Mail
9,72.97,1,0,1,0.007565893417493669,0.003117373699616744,Mens E-Mail
3,257.56,1,1,0,0.010692469780458565,-0.007538974586379177,Mens E-Mail
2,370.87,0,1,0,0.008484935042798136,-0.004860385814079177,Mens E-Mail
7,29.99,1,0,0,0.0038448733479156615,0.0009349264010114815,Mens E-Mail
9,115.84,0,1,1,0.005515413049595783,0.005599371451889897,Womens E-Mail
1,29.99,1,0,0,0.00863656819200563,0.004169688425666356,Mens E-Mail
11,133.15,1,0,1,0.0027752322703963783,0.0015265592643919157,Mens E-Mail
8,235.47,1,0,0,0.009290872380135904,-0.002446109965335232,Mens E-Mail
9,151.22,1,0,0,0.003904874954206672,0.0008706192794355362,Mens E-Mail
9,57.53,1,0,0,0.0034101179422282774,-0.0006728346410247488,Mens E-Mail
6,85.61,0,1,0,0.0030150606111015244,0.003256975831024984,Womens E-Mail
3,106.7,1,0,0,0.0046618545943392905,-0.000891446169612696,Mens E-Mail
9,29.99,1,0,1,0.007433444202869091,0.004667338476099664,Mens E-Mail
9,44.29,1,0,1,0.006263654357011146,0.0026531864432701334,Mens E-Mail
8,33.31,0,1,0,0.003342855058115722,0.003798005028875924,Womens E-Mail
12,130.84,0,1,0,0.007116949597857723,0.012181485916000557,Womens E-Mail
2,64.51,1,0,1,0.005380252239045792,0.004137942734824036,Mens E-Mail
9,166.68,1,0,0,0.007628315800656636,0.001815106906828597,Mens E-Mail
5,231.98,1,0,1,0.007690151061461627,0.0014650533588918772,Mens E-Mail
2,472.16,0,1,0,0.005987912078311038,-0.0034450156434300905,Mens E-Mail
7,168.65,0,1,1,0.0048797315922370944,0.005925582407078031,Womens E-Mail
3,29.99,0,1,0,0.002869323876837409,0.004457686853255993,Womens E-Mail
8,51.71,1,0,0,0.005850429023634517,0.00396102436785932,Mens E-Mail
9,61.26,0,1,0,0.0028283931630391154,0.00516337004376008,Womens E-Mail
10,29.99,1,0,0,0.0027878669629616583,0.0006838647946584921,Mens E-Mail
2,201.98,1,0,0,0.0061748066326744325,-0.00020179717953906792,Mens E-Mail
3,85.79,0,1,1,0.0026374849901381384,0.0026324670609857988,Mens E-Mail
4,29.99,1,0,0,0.004689383680876251,0.0005302640635569975,Mens E-Mail
8,29.99,1,0,0,0.002300662217441409,0.000674890933708781,Mens E-Mail
5,212.1,0,1,0,0.004093500500849195,0.00028801500529246295,Mens E-Mail
1,204.6,0,1,1,0.0039888481616085075,0.031015815038634282,Womens E-Mail
8,216.61,1,1,1,0.005638767549846135,-0.0005939779388169504,Mens E-Mail
8,668.22,1,1,1,0.01116341227008385,0.0008893910311510994,Mens E-Mail
4,133.51,1,0,1,0.0039954018371861225,0.002502890857924345,Mens E-Mail
3,78.12,0,1,1,0.006645139940928728,0.004720127806265119,Mens E-Mail
11,51.84,1,0,0,0.005651677495853681,-0.005108305648339861,Mens E-Mail
12,32.73,1,0,1,0.00786826376928443,0.003954255261270668,Mens E-Mail
6,29.99,0,1,1,0.001039799325860172,0.005047639010599895,Womens E-Mail
9,110.91,0,1,0,0.00598579527634785,0.005823581689817096,Mens E-Mail
7,29.99,1,0,0,0.002300662217441409,0.000674890933708781,Mens E-Mail
3,111.42,1,0,1,0.0045641776809893465,0.0007908193730030141,Mens E-Mail
9,64.81,0,1,0,0.006674281732644555,0.005546806673634398,Mens E-Mail
8,72.08,1,0,1,0.007307755882436917,0.0016812777281922278,Mens E-Mail
2,141.22,1,0,0,0.005289644384154691,-0.0011427948235122147,Mens E-Mail
3,121.46,1,0,1,0.003531828665730506,0.0016794816993619451,Mens E-Mail
5,29.99,1,0,0,0.0025794726306988744,-0.00045637274655219075,Mens E-Mail
1,524.37,1,0,1,0.00480157832336954,0.015575742906907162,Womens E-Mail
3,43.33,1,0,1,0.005303589740885157,0.0026754908169036064,Mens E-Mail
2,675.96,0,1,1,0.00865202917502584,0.005823856733244607,Mens E-Mail
9,29.99,0,1,0,0.002598749380675982,0.0028184769859716844,Womens E-Mail
1,487.47,1,0,0,0.002011094814687775,-0.0010776466333490319,Mens E-Mail
7,370.47,1,1,1,0.003783171257137238,-0.0001781477587471948,Mens E-Mail
9,180.37,0,1,0,0.008582749728176612,0.008666918567381,Womens E-Mail
2,516.56,0,1,1,0.008079439897321867,0.007338690147440888,Mens E-Mail
10,240.26,1,1,1,0.006915986881643069,0.0034443137515117197,Mens E-Mail
3,29.99,0,1,1,0.001074799473275513,0.0024532892235965163,Womens E-Mail
10,115.28,0,1,0,0.0074329470774667375,0.008614669075373216,Womens E-Mail
11,29.99,1,0,1,0.006162426162473344,0.0037791852833330263,Mens E-Mail
6,169.94,1,0,1,0.00738605678299038,0.002729998874792388,Mens E-Mail
4,553.91,0,1,1,0.00835511551553744,0.02027052287156468,Womens E-Mail
4,85.84,1,0,1,0.006561844732446986,0.0012606272227423086,Mens E-Mail
1,42.86,1,0,1,0.008108329354948075,0.009442237155112262,Womens E-Mail
2,103.33,1,0,1,0.019284093101927302,0.0016735868499777654,Mens E-Mail
2,185.06,0,1,0,0.005273894535166777,0.006927407741541842,Womens E-Mail
2,102.13,0,1,0,0.004154926564928492,0.003449010315843528,Mens E-Mail
1,304.38,1,0,0,0.006430288386195996,-0.0071227542644024915,Mens E-Mail
10,399.28,1,0,0,0.00872162798394489,-0.0010188732833288558,Mens E-Mail
2,496.71,0,1,0,0.029124414832441884,0.0024620673798062013,Mens E-Mail
7,149.34,1,0,0,0.003958925584262283,0.0002847015506081537,Mens E-Mail
10,29.99,1,0,1,0.012288922135589036,0.0018083646091279217,Mens E-Mail
5,197.48,1,0,0,0.004720735546740035,0.0010356847094210437,Mens E-Mail
11,104.47,1,0,0,0.010098536671070649,-0.006607755886293278,Mens E-Mail
5,403.95,0,1,0,0.00899462529771293,-0.0010407518153002348,Mens E-Mail
6,104.41,1,0,0,0.008025727622184346,4.075047346002845e-05,Mens E-Mail
4,412.95,1,0,0,0.008861126382275243,-0.004816481699375869,Mens E-Mail
8,254.17,1,1,0,0.013091342276911862,0.006321850445008873,Mens E-Mail
5,543.9,1,1,1,0.0045799900115796365,0.008314006179494349,Womens E-Mail
9,45.35,1,0,1,0.007323133539337738,0.004573286297635548,Mens E-Mail
1,157.0,1,0,0,0.005223025229484903,0.0027974981600785947,Mens E-Mail
1,29.99,0,1,0,0.001069513787430162,0.005733557814605317,Womens E-Mail
2,29.99,1,0,1,0.005289515650762189,0.0028816012006231723,Mens E-Mail
3,29.99,0,1,0,0.0014084565945222693,0.0039051602730873483,Womens E-Mail
4,143.66,0,1,1,0.002003490010739629,0.002530291624999496,Womens E-Mail
6,33.23,1,0,0,0.006070818292791263,0.0021126791710035582,Mens E-Mail
8,78.04,1,0,1,0.00699736364379449,0.0016812777281922278,Mens E-Mail
11,64.06,0,1,1,0.00908838223053862,0.007940901038403694,Mens E-Mail
1,30.08,1,0,0,0.006245831131927669,0.00392110038691503,Mens E-Mail
10,476.27,1,1,1,0.011583788207154463,0.007693139476644489,Mens E-Mail
9,29.99,1,0,1,0.00967440858655881,0.0019232414713962673,Mens E-Mail
5,29.99,1,0,0,0.004218719144992667,0.00044842536404983565,Mens E-Mail
9,29.99,1,0,0,0.0037615351141082067,0.000960521111155622,Mens E-Mail
9,406.22,1,0,1,0.010347513439252201,-0.0007457432117433195,Mens E-Mail
5,253.1,0,1,1,0.006952229659024355,0.0012272127535798872,Mens E-Mail
4,39.2,1,0,1,0.007076649888300519,0.0073652675350849494,Womens E-Mail
6,44.67,0,1,0,0.0030850296522656603,0.004407787106672967,Womens E-Mail
1,56.65,0,1,1,0.0033072108535151714,0.00952610743488718,Womens E-Mail
1,269.99,1,1,0,0.008311652799557102,-0.0004363578200074391,Mens E-Mail
2,48.16,0,1,0,0.0036977350875568252,0.009904154263668691,Womens E-Mail
10,43.31,0,1,1,0.00398601499391448,0.007367187038573234,Womens E-Mail
9,29.99,0,1,1,0.005921394334554906,0.0062902758457721334,Womens E-Mail
